field_1,row,panel
"0","1","1"
"1","1","2"
"2","1","3"
"3","1","4"
"4","1","5"
"5","1","6"
"6","1","7"
"7","1","8"
"8","1","9"
"9","1","10"
"10","1","11"
"11","1","12"
"12","1","13"
"13","1","14"
"14","1","15"
"15","1","16"
"17","2","1"
"18","2","2"
"19","2","3"
"20","2","4"
"21","2","5"
"22","2","6"
"23","2","7"
"24","2","8"
"25","2","9"
"26","2","10"
"27","2","11"
"28","2","12"
"29","2","13"
"30","2","14"
"31","2","15"
"32","2","16"
"34","3","1"
"35","3","2"
"36","3","3"
"37","3","4"
"38","3","5"
"39","3","6"
"40","3","7"
"41","3","8"
"42","3","9"
"43","3","10"
"44","3","11"
"45","3","12"
"46","3","13"
"47","3","14"
"48","3","15"
"49","3","16"
"51","4","1"
"52","4","2"
"53","4","3"
"54","4","4"
"55","4","5"
"56","4","6"
"57","4","7"
"58","4","8"
"59","4","9"
"60","4","10"
"61","4","11"
"62","4","12"
"63","4","13"
"64","4","14"
"65","4","15"
"66","4","16"
"68","5","1"
"69","5","2"
"70","5","3"
"71","5","4"
"72","5","5"
"73","5","6"
"74","5","7"
"75","5","8"
"76","5","9"
"77","5","10"
"78","5","11"
"79","5","12"
"80","5","13"
"81","5","14"
"82","5","15"
"83","5","16"
"85","6","1"
"86","6","2"
"87","6","3"
"88","6","4"
"89","6","5"
"90","6","6"
"91","6","7"
"92","6","8"
"93","6","9"
"94","6","10"
"95","6","11"
"96","6","12"
"97","6","13"
"98","6","14"
"99","6","15"
"100","6","16"
"102","7","1"
"103","7","2"
"104","7","3"
"105","7","4"
"106","7","5"
"107","7","6"
"108","7","7"
"109","7","8"
"110","7","9"
"111","7","10"
"112","7","11"
"113","7","12"
"114","7","13"
"115","7","14"
"116","7","15"
"117","7","16"
"119","8","1"
"120","8","2"
"121","8","3"
"122","8","4"
"123","8","5"
"124","8","6"
"125","8","7"
"126","8","8"
"127","8","9"
"128","8","10"
"129","8","11"
"130","8","12"
"131","8","13"
"132","8","14"
"133","8","15"
"134","8","16"
"136","9","1"
"137","9","2"
"138","9","3"
"139","9","4"
"140","9","5"
"141","9","6"
"142","9","7"
"143","9","8"
"144","9","9"
"145","9","10"
"146","9","11"
"147","9","12"
"148","9","13"
"149","9","14"
"150","9","15"
"151","9","16"
"153","10","1"
"154","10","2"
"155","10","3"
"156","10","4"
"157","10","5"
"158","10","6"
"159","10","7"
"160","10","8"
"161","10","9"
"162","10","10"
"163","10","11"
"164","10","12"
"165","10","13"
"166","10","14"
"167","10","15"
"168","10","16"
"170","11","1"
"171","11","2"
"172","11","3"
"173","11","4"
"174","11","5"
"175","11","6"
"176","11","7"
"177","11","8"
"178","11","9"
"179","11","10"
"180","11","11"
"181","11","12"
"182","11","13"
"183","11","14"
"184","11","15"
"185","11","16"
"187","12","1"
"188","12","2"
"189","12","3"
"190","12","4"
"191","12","5"
"192","12","6"
"193","12","7"
"194","12","8"
"195","12","9"
"196","12","10"
"197","12","11"
"198","12","12"
"199","12","13"
"200","12","14"
"201","12","15"
"202","12","16"
"204","13","1"
"205","13","2"
"206","13","3"
"207","13","4"
"208","13","5"
"209","13","6"
"210","13","7"
"211","13","8"
"212","13","9"
"213","13","10"
"214","13","11"
"215","13","12"
"216","13","13"
"217","13","14"
"218","13","15"
"219","13","16"
"221","14","1"
"222","14","2"
"223","14","3"
"224","14","4"
"225","14","5"
"226","14","6"
"227","14","7"
"228","14","8"
"229","14","9"
"230","14","10"
"231","14","11"
"232","14","12"
"233","14","13"
"234","14","14"
"235","14","15"
"236","14","16"
"238","15","1"
"239","15","2"
"240","15","3"
"241","15","4"
"242","15","5"
"243","15","6"
"244","15","7"
"245","15","8"
"246","15","9"
"247","15","10"
"248","15","11"
"249","15","12"
"250","15","13"
"251","15","14"
"252","15","15"
"253","15","16"
"255","16","1"
"256","16","2"
"257","16","3"
"258","16","4"
"259","16","5"
"260","16","6"
"261","16","7"
"262","16","8"
"263","16","9"
"264","16","10"
"265","16","11"
"266","16","12"
"267","16","13"
"268","16","14"
"269","16","15"
"270","16","16"
"272","17","1"
"273","17","2"
"274","17","3"
"275","17","4"
"276","17","5"
"277","17","6"
"278","17","7"
"279","17","8"
"280","17","9"
"281","17","10"
"282","17","11"
"283","17","12"
"284","17","13"
"285","17","14"
"286","17","15"
"287","17","16"
"289","18","1"
"290","18","2"
"291","18","3"
"292","18","4"
"293","18","5"
"294","18","6"
"295","18","7"
"296","18","8"
"297","18","9"
"298","18","10"
"299","18","11"
"300","18","12"
"301","18","13"
"302","18","14"
"303","18","15"
"304","18","16"
"306","19","1"
"307","19","2"
"308","19","3"
"309","19","4"
"310","19","5"
"311","19","6"
"312","19","7"
"313","19","8"
"314","19","9"
"315","19","10"
"316","19","11"
"317","19","12"
"318","19","13"
"319","19","14"
"320","19","15"
"321","19","16"
"323","20","1"
"324","20","2"
"325","20","3"
"326","20","4"
"327","20","5"
"328","20","6"
"329","20","7"
"330","20","8"
"331","20","9"
"332","20","10"
"333","20","11"
"334","20","12"
"335","20","13"
"336","20","14"
"337","20","15"
"338","20","16"
